tier,band,comp_num,route,comp_zone,comp_side,comp_grade,comp_points,mp_rating,mp_type,length_ft,mp_stars,grade_votes,crowd_grade_delta,first_try_vs_peers,soft_mentions,stiff_mentions,reach_mentions,polish_mentions,points_bargain,verdict,zack_2026,note,mp_url
target,5.8,331,Webster's Part,Crimp Scampi Area,West/North,5.8+,100,5.8- PG13,Sport,50,2.0,41,-0.95,-0.01,0,0,1,0,19,soft,,Crowd grades it 5.7+; comp pays 5.8+. MP flags PG13; reachy start is a minor issue.,https://www.mountainproject.com/route/106710987
target,5.8,371,Caught in the Closet Again,Groovy Area,West/North,5.8,90,5.7+,Sport,50,2.4,22,-0.67,0.01,0,0,0,0,10,soft,,Crowd grades it 5.7+; comp pays 5.8.,https://www.mountainproject.com/route/107424389
target,5.8,482,Split Personality,Land of the Lost,East,5.8,90,5.8,Sport,45,3.7,10,-0.77,0.03,0,0,0,0,10,soft,Y,East side. Crowd grades it 5.7+/5.8-. Well-liked (3.7 stars).,https://www.mountainproject.com/route/114269972
target,5.8,577,Aphrodite,Roman Wall,East,5.8,90,5.7+,Sport,45,2.4,49,-0.51,-0.01,0,0,1,0,5,soft,,East side. Crowd grades it 5.7+; 49 votes.,https://www.mountainproject.com/route/106264923
target,5.8,602,Fireworks in February,Cliffs of Insanity,East,5.8,100,5.8,Sport,75,2.4,25,-0.32,0.03,0,0,0,0,10,soft,,"East side, 75 ft. Rides on the soft side of 5.8.",https://www.mountainproject.com/route/107109700
target,5.8,426,Sofia Says,The Land Beyond,West/North,5.8+,100,5.8,Sport,45,2.4,13,-0.43,0.02,2,0,0,1,3,soft,Y,Two tick notes call it soft for the grade.,https://www.mountainproject.com/route/108369646
target,5.8,275,Scrambled Eggs,Circus Wall,West/North,5.8,100,5.8-,Sport,60,2.1,22,-0.41,0.01,0,0,0,1,12,soft,Y,Crowd grades it 5.8-; 60 ft.,https://www.mountainproject.com/route/108210943
target,5.9,144,Duck Hunt,The Arcade,West/North,5.9,120,5.8,Sport,50,2.6,21,-1.19,0.06,3,0,0,0,26,soft,,Strongest 5.9 pick. Votes cluster at 5.8; three tick notes call it soft.,https://www.mountainproject.com/route/117872809
target,5.9,244,Harry Butthole Pussy Potter,Cooridor Area,West/North,5.9+,130,5.8+,Sport,45,2.5,53,-0.76,-0.03,0,0,0,0,23,soft,Y,Comp pays 5.9+; crowd splits 5.8 to 5.9. 53 votes.,https://www.mountainproject.com/route/105975842
target,5.9,243,Kurbcheck,Cooridor Area,West/North,5.9,120,5.8+,Sport,45,2.2,28,-0.68,0.04,0,0,0,1,20,soft,Y,Comp pays 5.9; crowd says 5.8+.,https://www.mountainproject.com/route/105965093
target,5.9,213,Itchy and Scratchy,Doomsday Wall,West/North,5.9+,130,5.8+,Sport,50,2.1,8,-0.87,0.07,0,0,0,0,26,soft,Y,Comp pays 5.9+; MP lists 5.8+. Few votes.,https://www.mountainproject.com/route/108381406
target,5.9,385,Jewell Always Smiles,Kindergarten Boulder,West/North,5.9,120,5.8+,Sport,35,2.0,12,-0.78,0.07,0,0,0,0,20,soft,Y,Comp pays 5.9; crowd says 5.8+.,https://www.mountainproject.com/route/109567180
target,5.9,359,The Bulb,Groovy Area,West/North,5.9,120,5.8+,Sport,40,2.4,26,-0.51,-0.0,0,0,0,0,15,soft,,Comp pays 5.9; crowd splits 5.8 to 5.9.,https://www.mountainproject.com/route/105965159
target,5.9,429,Yo Sista,The Land Beyond,West/North,5.9,120,5.9,Sport,40,2.3,20,-0.33,0.07,0,0,0,0,10,soft,Y,High first-try send rate for a 5.9.,https://www.mountainproject.com/route/108825464
target,5.9,267,New Karkaras,Cooridor Area,West/North,5.9+,140,5.9,Trad,45,2.1,7,-0.66,0.08,0,0,0,0,30,soft,,TRAD. Comp pays 5.9+ (140); crowd says 5.9-. Trad-lap candidate.,https://www.mountainproject.com/route/112438974
target,5.10a/b,430,Pantry Moth Invasion,The Land Beyond,West/North,5.10b,160,5.10a,Sport,40,2.5,23,-0.99,0.13,1,0,0,0,20,soft,,Comp pays 5.10b (160); votes cluster at 5.10a; noted soft.,https://www.mountainproject.com/route/108369633
target,5.10a/b,628,Knock Knock,Far East,East,5.10b,180,5.10b,Sport,60,3.4,26,-0.12,0.03,0,0,0,0,22,leans soft,,East side. Comp pays 180 for a crowd 5.10b.,https://www.mountainproject.com/route/116816089
target,5.10a/b,24,Meatcake,The Westside Pt. 1,West/North,5.10b,180,5.10b,Sport,70,2.6,7,-0.52,0.14,0,0,0,0,30,soft,,Comp pays 5.10b (180); crowd leans 5.10a. 70 ft.,https://www.mountainproject.com/route/108210816
target,5.10a/b,282,First Normal Form,Circus Wall,West/North,5.10a,160,5.10a,Sport,65,3.1,100,-0.18,-0.07,1,0,0,0,21,leans soft,,Comp pays 160 at 5.10a; a third of votes say 5.9/5.9+. 100 votes.,https://www.mountainproject.com/route/105976438
target,5.10a/b,279,Season of the Storm,Circus Wall,West/North,5.10a,160,5.10a,Sport,65,3.0,97,-0.19,-0.06,1,0,7,0,21,leans soft,,Pays 160 at 5.10a. One height-dependent crux near the top.,https://www.mountainproject.com/route/106269043
target,5.10a/b,584,The Biz,Roman Wall,East,5.10a,140,5.9+,Sport,25,1.5,9,-1.3,0.07,0,0,0,0,28,soft,,"East side, 25 ft. Crowd says 5.9; only 9 votes.",https://www.mountainproject.com/route/108378586
target,5.10a/b,433,Sendtember,The Land Beyond,West/North,5.10b,160,5.10b,Sport,40,2.9,14,-0.29,0.1,0,0,0,0,6,soft,,High first-try send rate for a 5.10b.,https://www.mountainproject.com/route/108369600
target,5.10c/d,189,Jihad,Prophecy Wall,West/North,5.10d,200,5.10b,Sport,55,2.3,21,-1.62,0.09,0,4,3,0,32,soft,,"Comp pays 5.10d (200); crowd says 5.10a/b. Catch: bouldery, V3-ish start with a reachy blind move; the rest is easier.",https://www.mountainproject.com/route/106095908
target,5.10c/d,627,Emotional Content,Far East,East,5.10c,200,5.10b,Sport,60,2.8,36,-0.65,-0.05,0,0,1,0,33,soft,,East side. Comp pays 200 at 5.10c; crowd says 5.10b. One reach note.,https://www.mountainproject.com/route/105988235
target,5.10c/d,572,Caesar's Tossed Salad,Roman Wall,East,5.10c,200,5.10c,Sport,75,3.1,24,-0.04,-0.04,2,0,0,0,21,leans soft,,"East side, 75 ft. Called easy for 5.10c thanks to good rests.",https://www.mountainproject.com/route/106028601
target,5.10c/d,66,Fat Bastard,The Westside Pt. 2,West/North,5.10d,220,5.10,Sport,80,3.3,6,-1.0,0.11,0,0,0,1,40,soft,,Comp pays 5.10d (220); crowd 5.10b/c. 80 ft; only 6 votes.,https://www.mountainproject.com/route/109526214
target,5.10c/d,434,Brat Holes,The Land Beyond,West/North,5.10d,200,5.10c/d,Sport,35,2.8,9,-0.72,0.25,0,0,0,0,14,soft,,Comp pays 5.10d; crowd says 5.10c. High first-try send rate.,https://www.mountainproject.com/route/108369585
target,5.10c/d,398,Sonrisa Loco,Kindergarten Boulder,West/North,5.10c,180,5.10c,Sport,25,2.4,16,-0.62,0.07,1,0,0,1,12,soft,,Comp pays 5.10c; 25 ft (fast lap). Noted soft.,https://www.mountainproject.com/route/107826069
target,5.11a,619,Horseshoes and Hand Grenades,Far East,East,5.11a,250,5.11a,Sport,60,3.7,125,-0.22,-0.01,4,0,9,1,34,soft,,"East side, 250 pts. Several call it soft. Reach complaints come from climbers around 5'1""-5'2"".",https://www.mountainproject.com/route/106026838
target,5.11a,368,Newton County Mentality,Groovy Area,West/North,5.11a,220,5.11a,Sport,45,2.4,40,-0.59,0.16,0,0,1,0,12,soft,,Crowd grades it 5.10d/5.11a. High first-try send rate. The one reach note is from a very short climber.,https://www.mountainproject.com/route/105965185
target,5.11a,119,T-Slab,The Black Slabs,West/North,5.11a,220,5.11a,Sport,45,3.4,13,-0.15,-0.15,3,0,0,0,3,soft,,"Soft reports lean on a 6'2"" climber; may climb closer to a true 5.11a for average height.",https://www.mountainproject.com/route/109665357
target,5.11a,542,Heavy Stigmatism,Magoo Rock,East,5.11a,220,5.11a,Sport,40,2.7,16,-0.03,0.11,1,0,0,0,1,soft,,East side. Noted soft; high first-try send rate.,https://www.mountainproject.com/route/106098309
target,5.11a,632,King Kong,Far East,East,5.11a,250,5.11a,Sport,60,3.4,38,0.09,0.06,0,0,2,0,27,on grade,,"East side. On grade, but pays 250 for a 5.11a.",https://www.mountainproject.com/route/106099195
target,5.11a,280,Sonny Jim,Circus Wall,West/North,5.11a,250,5.11a,Sport,70,3.3,103,-0.02,0.0,0,0,10,2,30,on grade,,"On grade, pays 250. Long-running height debate on the headwall.",https://www.mountainproject.com/route/105970892
avoid for points,,568,Commodus,Roman Wall,East,5.10a,140,5.10b,Sport,65,3.4,102,0.9,-0.01,0,1,2,0,-18,stiff,,Comp pays 5.10a; crowd votes 5.10b (102 votes). Stiff start.,https://www.mountainproject.com/route/105970902
avoid for points,,543,Mr. Magoo,Magoo Rock,East,5.10b,160,5.10c,Sport,55,3.6,40,0.84,0.03,0,0,0,1,-17,stiff,,Comp pays 5.10b; crowd says 5.10c.,https://www.mountainproject.com/route/106048532
avoid for points,,195,Portside,Titanic Boulder,West/North,5.10d,200,5.11a,Sport,35,3.4,32,1.0,-0.08,2,0,0,0,-20,stiff,,Comp pays 5.10d; crowd says 5.11a.,https://www.mountainproject.com/route/105965234
avoid for points,,638,Filthy Sanchez,Far East,East,5.10d,200,5.11b,Sport,55,2.8,13,1.27,-0.09,0,0,0,0,-28,stiff,,Comp pays 5.10d; MP and crowd say 5.11b.,https://www.mountainproject.com/route/106136662
avoid for points,,342,Crimp Scampi,Crimp Scampi Area,West/North,5.10d,200,5.10d,Sport,70,3.5,165,0.06,-0.16,1,5,3,7,-1,stiff,,Crowd splits 5.10c to 5.11a; many stiff notes and a very high fall rate (426 fell/hung).,https://www.mountainproject.com/route/105970881
avoid for points,,347,Local Hebrew,Crimp Scampi Area,West/North,5.9-,110,5.9+,Sport,50,2.5,32,0.53,0.0,1,0,0,0,-21,stiff,,Comp pays 5.9-; crowd says 5.9+.,https://www.mountainproject.com/route/106098593
avoid for points,,313,Strongman,The Walls of Controversy,West/North,5.9+,130,5.9+,Sport,50,2.8,79,0.17,-0.12,0,4,0,2,-6,stiff,,Stiff first three bolts per comments and tick notes.,https://www.mountainproject.com/route/105977059
avoid for points,,292,Dancing Outlaw,Circus Wall,West/North,5.9+,140,5.9+,Sport,70,3.5,74,0.29,-0.2,0,2,0,0,3,stiff,,Low first-try send rate for 5.9+; called stout and pumpy.,https://www.mountainproject.com/route/107326739
avoid for points,,615,Gracies Eight,Far East,East,5.8+,100,5.8+,Sport,55,3.1,68,0.24,-0.12,0,2,3,1,-7,stiff,,Called a stiff 5.8+; votes lean 5.9. Start is high and reachy; notes say it's easier for tall climbers.,https://www.mountainproject.com/route/106029776
avoid for points,,641,Montezuma's Toe,Far East,East,5.8,90,5.8+,Sport,40,2.5,33,0.31,-0.11,0,0,0,0,-10,stiff,Y,Comp pays 5.8; crowd says 5.8+.,https://www.mountainproject.com/route/106136655
